578080,Action,Adventure,Massively Multiplayer
570,Action,Free to Play,Strategy
730,Action,Free to Play
622590
359550,Action
271590,Action,Adventure
238960,Action,Adventure,Free to Play,Indie,Massively Multiplayer,RPG
230410,Action,Free to Play
440,Action,Free to Play
252950,Action,Indie,Racing,Sports
252490,Action,Adventure,Indie,Massively Multiplayer,RPG
624090
346110,Action,Adventure,Indie,Massively Multiplayer,RPG
4000,Indie,Simulation
8930,Strategy
218620,Action,RPG
227300,Indie,Simulation
107410,Action,Simulation,Strategy
365590,Action,Adventure,RPG
433850,Action,Adventure,Free to Play,Massively Multiplayer
377160,RPG
289070,Strategy
444090,Action,Free to Play
105600,Action,Adventure,Indie,RPG
482730,Simulation,Sports
72850,RPG
304930,Action,Adventure,Casual,Free to Play,Indie
476620,Action
10,Action
504370,Action,Free to Play
292030,RPG
381210,Action
236850,Simulation,Strategy
489830,RPG
306130,Massively Multiplayer,RPG
236390,Action,Free to Play,Massively Multiplayer,Simulation
435150,Adventure,RPG,Strategy
394360,Simulation,Strategy
251570,Action,Adventure,Indie,RPG,Simulation,Strategy,Early Access
281990,Simulation,Strategy
550,Action
594570,Action,Strategy
221380,Strategy
363970,Adventure,Casual,Free to Play,Indie,RPG,Simulation,Strategy
582660,Action,Adventure,Massively Multiplayer,RPG,Simulation,Strategy
255710,Simulation,Strategy
214950,Strategy
601510,Free to Play,Strategy
386360,Action,Free to Play
294100,Indie,Simulation,Strategy
413150,Indie,RPG,Simulation
582160,Action,Adventure,RPG
322330,Adventure,Indie,Simulation
577800,Simulation,Sports
444200,Action,Free to Play,Massively Multiplayer
447020,Simulation
480
550650,Action,Free to Play
427520,Casual,Indie,Simulation,Strategy,Early Access
49520,Action,RPG
291550,Action,Free to Play,Indie
48700,Action,RPG
374320,Action
431960,Indie,Animation & Modeling,Design & Illustration,Utilities
268500,Strategy
311290,RPG,Strategy
240,Action
39210,Massively Multiplayer,RPG
203770,Free to Play,RPG,Simulation,Strategy
356190,Action,Adventure,RPG
253920,RPG,Strategy
378120
242760,Action,Adventure,Indie,Simulation
250900,Action
227940,Action,Free to Play,Indie,Massively Multiplayer,Strategy
485510,Action,RPG
219990,Action,Adventure,Indie,RPG
698780,Casual,Free to Play,Indie
259360
259340,Action,Casual,Indie
231430,Strategy
291480,Action,Free to Play,Massively Multiplayer
359320,Action,Adventure,Massively Multiplayer,RPG,Simulation,Strategy
386180,Action,Free to Play,Massively Multiplayer,Racing
364360,Action,Strategy
22380,Action,RPG
244850,Action,Indie,Simulation,Strategy
325610,Strategy
304050,Action,Adventure,Casual,Free to Play,Massively Multiplayer,RPG
298610,Adventure,Casual,Free to Play
264710,Adventure,Indie
322170,Action,Indie
211820,Action,Adventure,Casual,Indie,RPG
242920,Indie,Simulation,Strategy
627690,Action,Adventure,Free to Play,Indie,Strategy
453480,Free to Play,Strategy
460930,Action,Adventure
373420,Adventure,Indie,RPG,Strategy
8500,Action,Free to Play,Massively Multiplayer,RPG,Strategy
220200,Indie,Simulation
10500,Strategy
4700,Strategy
221100,Action,Adventure,Massively Multiplayer
301520,Action,Free to Play,Indie,Massively Multiplayer,RPG,Simulation
239140,Action,RPG
232090,Action
457140,Indie,Simulation
55100,Action
391220,Action,Adventure
552990,Action,Free to Play,Massively Multiplayer,Simulation
466240,Action,Free to Play,Indie
47890,Simulation
314160,Simulation
305620,Adventure,Indie,Simulation,Strategy
295270
268910,Action,Indie
628890,Simulation
109600,Adventure,Free to Play,Massively Multiplayer,RPG
612880,Action
738060,Free to Play,Indie,Simulation
270880,Indie,Simulation
592580,Sports
475150,Action,RPG
620,Action,Adventure
555570,Action,Free to Play,Indie,Massively Multiplayer,RPG
440900,Action,Adventure,Massively Multiplayer,RPG,Simulation,Strategy
268850,Utilities
34330,Strategy
610080,Free to Play,RPG,Strategy
225540,Action,Adventure
619890,Action
240720,Action
105450,Simulation,Strategy
219740,Adventure,Indie,Simulation
311210,Action,Adventure
493340,Simulation,Strategy
346010,Indie,Simulation
333930,Action,Free to Play
438040,Adventure,Casual,Free to Play,Indie,Massively Multiplayer,RPG,Strategy
595460,Casual,Indie,Simulation
383120,Adventure,Indie,Simulation,Strategy,Early Access
262060,Indie,RPG,Strategy
284160,Racing,Simulation,Early Access
244210,Indie,Racing,Simulation,Sports
389730,Action,Sports
518790,Adventure,Simulation,Sports
446800,Simulation
222880,Action,Indie,Strategy
588430,Free to Play,RPG,Simulation
346900,Casual,Free to Play,Indie
379720,Action
323370,Action,Adventure,Free to Play,Massively Multiplayer,RPG
218230,Action,Free to Play,Massively Multiplayer
513650
674940,Action,Casual,Indie
335300,Action,RPG
287700,Action,Adventure
392110,Strategy
286160,Casual,Indie,RPG,Simulation,Strategy
411300,Action,Adventure,RPG
385760,Sports
241930
393380,Action,Indie,Strategy,Early Access
477160,Adventure,Indie
33930,Action,Simulation,Strategy
202990,Action
211420,Action,RPG
515220,Racing,Simulation,Sports
228200,Action,Strategy
200210,Action,Free to Play,Indie,Massively Multiplayer,RPG
212740
454650,Action,Adventure,Casual,Massively Multiplayer
304390,Action
273110,Action,Casual,Free to Play,Massively Multiplayer
473500
42690
295110,Action,Adventure,Massively Multiplayer
24010,Simulation
10190,Action
645630,Racing,Simulation
476600,Action
663390,Casual,Indie,Massively Multiplayer,Strategy
34030,Strategy
378860,Racing
384300,Design & Illustration,Utilities
418460,Action,Massively Multiplayer,Simulation,Strategy
367520,Action,Adventure,Indie
231670
244450,Action,Simulation,Strategy
312660,Action,Adventure
363150,Simulation
282070,Adventure,Indie,Simulation
380600,Free to Play,Massively Multiplayer,Simulation,Sports
200510,Strategy
536930,Free to Play,RPG
233450,Indie,Simulation,Strategy
280790,Action,Adventure,Casual,Free to Play,Indie,Massively Multiplayer,RPG,Simulation
242050,Action,Adventure
9900,Free to Play,Massively Multiplayer,RPG
316010,Free to Play,Strategy
389430,Action,Adventure,Free to Play,Massively Multiplayer,RPG
403640,Action
524220,Action,RPG
469600,Indie,Strategy,Early Access
506540,Action,Adventure,Free to Play,Indie,Massively Multiplayer,Strategy
4760,Strategy
216150,Casual,Free to Play,Massively Multiplayer,RPG
387990,Action,Adventure,Indie,Simulation,Early Access
480490,Action,Adventure
447040,Action,Adventure
688470,Action,Adventure,Casual,Indie,RPG,Strategy
506140,Casual,Free to Play,Massively Multiplayer,RPG,Simulation,Strategy
402840,Casual,Free to Play,Indie
261640,Action,RPG
364470,Free to Play
663090,Free to Play,Massively Multiplayer,RPG
266840,Simulation,Strategy
203160,Action,Adventure
291650,RPG
372000,Free to Play,Massively Multiplayer,RPG
456610
212680,Indie,Simulation,Strategy
337000,Action,RPG
415200,Racing,Simulation,Sports,Strategy
32470,Strategy
397900,Casual,Free to Play,Indie,Massively Multiplayer,Strategy
569480,Indie,Simulation,Strategy
444640,Action,Free to Play,Strategy
473690,Action,Adventure,Indie
433340,Action,Adventure,Indie,Simulation
234140,Action,Adventure
298110,Action,Adventure
201810,Action
290080,Action,Indie,RPG,Simulation
445220,Action,Indie,Simulation
335240,Free to Play,Indie,Massively Multiplayer
8800,Strategy
208650,Action,Adventure
329110,Action,Adventure,Casual,Free to Play,RPG,Strategy
326460,Action,Casual,Indie,Massively Multiplayer,Strategy
529180,Action,Adventure,Massively Multiplayer,RPG,Simulation,Early Access
438740,Action
8980,Action,RPG
521630,Action,Casual,Indie
220,Action
393420,Action,Adventure,Simulation
22330,RPG
20920,RPG
253710,Action,Adventure,Free to Play,Simulation,Sports
3910,Strategy
516750,Indie,Racing,Simulation,Early Access
252530,Casual,Simulation
360430,Action,Adventure
612020,Casual,Free to Play,Indie,Strategy
391540,Indie,RPG
12120,Action
286940
20900,Action,RPG
342200,Action,Free to Play,Massively Multiplayer,Simulation,Strategy
431240,Casual,Indie,Sports
466560,Indie,Simulation,Strategy
6060,Action
10090,Action
339600,Free to Play,Massively Multiplayer,Strategy
339610,Action,Casual,Free to Play,Massively Multiplayer,Sports
333420,Strategy
212500,Free to Play,Massively Multiplayer,RPG
235540,Action,Indie
269210,Action,Adventure,Indie,Massively Multiplayer,RPG
531640,Casual,Free to Play,Massively Multiplayer,Strategy
65930,Action
310950,Action
275850,Action,Adventure
367500,Action,Adventure,RPG
448440,Adventure,Indie
12210,Action,Adventure
226840,RPG,Strategy
601430,Action,Adventure
675010,Simulation
17390,Simulation
1840,Animation & Modeling,Video Production
646570,Indie,Strategy
297000,RPG,Strategy
113400,Action,Free to Play,Massively Multiplayer
612510,Gore,Casual,Indie,Strategy
263280,Adventure,Casual,Indie,Racing,Simulation
206420,Action,Adventure
236870,Action
624120,Simulation,Sports
220240,Action,Adventure
521890,Adventure,Indie,Strategy
438100,Adventure,Casual,Free to Play,Massively Multiplayer,Simulation,Sports,Early Access
299740,Action,Adventure,Indie,Massively Multiplayer,RPG,Simulation,Strategy
65980,Strategy
219640,Action,Indie
588650,Action,Indie
442080,Adventure,Free to Play,Massively Multiplayer,RPG
55230,Action
221680,Casual,Simulation
261430
208580,RPG
550900
459820,Casual,Free to Play,Indie
310560,Racing,Simulation,Sports
434650,Action,Adventure,Indie,RPG
393430,Indie,Simulation,Sports
71270
200710,Action,Adventure,Indie,RPG
205100,Action,Adventure
349040,Action,Adventure
300,Action
213670,Action,Adventure,RPG
50130,Action
334230,Indie,RPG,Strategy
319630,Action,Adventure
245620,RPG,Simulation,Strategy
204880,Indie,Strategy
449540,Casual,Indie
451340,Indie,Simulation
80,Action
288390
376210,Action,Adventure,Indie,Massively Multiplayer,Simulation,Early Access
488790,RPG
542650,Indie,Simulation
22490
429660,Action,RPG
35450,Action,Massively Multiplayer,Simulation
313160,Simulation
455940,Casual,Indie,Strategy
447820,Action,Indie,Strategy
286690,Action
607890,Action,Adventure,Casual,RPG
251060,Indie,Simulation,Strategy
375450,Strategy
657200,Simulation
304030,Free to Play,Massively Multiplayer,RPG
311690,Action,Adventure,Indie
47410,Free to Play,Massively Multiplayer,Strategy
42710,Action
592600,Sports
24200,Action,Adventure,Free to Play,Massively Multiplayer,RPG
627270,Action
236110,Action,Free to Play,Indie,RPG,Strategy
438020,Action,Indie,Strategy
1250,Action
207890
365670,Animation & Modeling,Design & Illustration,Video Production
307780,Action
42680,Action
108600,Indie,RPG,Simulation,Early Access
454180,Action,Adventure,Casual,Indie,Racing,Simulation
454150
564710,Casual,Free to Play,RPG
361420,Adventure,Indie
285190,Action,Simulation,Strategy
10180,Action
113200,Action,Adventure,Indie,RPG
287390,Action
581690
363890,Design & Illustration,Web Publishing
357290,Action,Adventure,Indie
204360,Action,Adventure,Casual,Indie,RPG
374040,Action,Adventure,RPG
269950,Simulation
217490
465650,Indie,Simulation,Sports,Strategy
641990,Indie,Simulation,Strategy
557400,Adventure,Casual,Free to Play,Indie,RPG
537180,Action,Adventure,Casual,Free to Play,Massively Multiplayer,RPG
215080,Adventure,Free to Play,Massively Multiplayer,RPG,Strategy
289130,RPG,Strategy
504730
42750
302830,Action,Free to Play,Early Access
8870,Action
204300,Action,Free to Play,Indie,Strategy
224260,Action,Free to Play,Indie
706220
212160,Action,Adventure,Free to Play,Massively Multiplayer,RPG
558990,Indie,Simulation
3900,Strategy
589290,Action,Indie,Massively Multiplayer,Simulation,Strategy
502520,Indie,Simulation,Strategy
550470,Action,Adventure,Free to Play,Massively Multiplayer,RPG
609150,Action,RPG
496460,Indie,Simulation,Strategy
32370,Adventure,RPG
466170,Casual,Indie
9450,Strategy
203290,Action,Free to Play
306020,Action,Strategy
287450,Simulation,Strategy
42960,Strategy
610120,Adventure,Indie
650500
236690,Sports,Strategy
439350,Action,Free to Play,Massively Multiplayer,RPG
434170,Casual,Indie,Strategy
370240,Sports
427270,Action,Free to Play,Strategy
2870,Action,Simulation
446150,Action,Casual,Free to Play,Strategy
234630,Racing,Simulation,Sports
249130,Action,Adventure
685310,Casual,Free to Play,Strategy
226860,Indie,Strategy
236430,Action,RPG
47810,RPG
200260,Action,Adventure
238090,Action,Adventure
228280,RPG,Strategy
285920,Action,Indie
210770,Action,Indie,Strategy
268420,Adventure,Casual,Free to Play,Massively Multiplayer,RPG
400,Action
368070,Action
331470,Adventure,Casual,Free to Play,Indie
495910,Action,Adventure,Free to Play,Massively Multiplayer,RPG
312530,Action,Indie
238460,Action,Adventure,Casual,Indie
311310,Action,Adventure,Indie,Massively Multiplayer,Simulation,Strategy
321040
365960,Racing,Simulation,Sports
581600,Action,Adventure,Indie
722060,Indie,Strategy
365360,Indie,RPG,Strategy
292730,Action,Adventure
70,Action
212910
388660,Indie,Simulation,Strategy
368500,Action,Adventure
24960,Action
389300
225260,Action,Adventure,Strategy
211500,Free to Play,Racing,Simulation,Sports
40970,Simulation,Strategy
237310,Action,Adventure,Casual,Free to Play,Massively Multiplayer,RPG
33230,Action,Adventure
333950,Action,Indie,Simulation,Strategy
541180
289650,Action,Adventure
555830,Action,Casual,Indie,Massively Multiplayer
474960,Action
391040,Racing,Simulation,Sports
215280,Action,Adventure,Free to Play,Massively Multiplayer,RPG
33350
666220,Action,Casual,Free to Play,Indie
404730,Adventure,Indie,RPG,Strategy
545580,Action,Casual,Indie
246620,Casual,Indie,Simulation,Strategy
42700,Action
332310,Adventure
212070,Action,Free to Play,Massively Multiplayer,Simulation
366220,Adventure,Indie,RPG
282440,Action
299360,Action,Free to Play,Massively Multiplayer,Strategy
431560
22370,RPG
500,Action
248390,Indie,RPG,Simulation,Strategy
619730
344760,Action,Adventure,Indie,RPG,Simulation
371660,Action,Adventure
203140,Action
562730,Action,Casual,Indie,Strategy
39120,Free to Play,Massively Multiplayer,RPG
571740,Casual,Indie,Simulation,Sports,Early Access
619330,Indie,Simulation
212200,Action,Adventure,Casual,Free to Play,Massively Multiplayer,RPG,Simulation
482750
355840,Action,Free to Play,Massively Multiplayer,RPG,Early Access
554620,Action,Adventure
526290,Action,Indie
672680,Free to Play,Massively Multiplayer,Simulation,Strategy
274190,Action,Adventure,Casual,Indie
624140
9420,Strategy
636480,Action,Indie,Early Access
268400,Strategy
110800,Adventure,Strategy
412290,Adventure,Casual,Indie
221040,Action,Adventure
48720,Action,RPG
414070
232890,Simulation,Strategy
39140,RPG
11020,Racing
388080,Utilities
22320,RPG
647830,Action
421020,Racing,Simulation,Sports
3590,Strategy
460920,Action,Sports
678800,Action,Free to Play,RPG
463530,Indie,Simulation,Strategy,Early Access
359870,RPG
420360,Adventure,Indie
209000,Action,Adventure
578310,Action,Free to Play,Indie,Massively Multiplayer
223830,Indie,Simulation,Strategy
322110,Action,Indie
345350,RPG
323580,Action,Adventure,Indie
280,Action
326410,Action,Adventure,Indie,RPG
17440,Simulation
253900,Simulation,Strategy
533340,Action,Adventure,Casual,Indie
271360,Simulation,Strategy
551670,Casual,Indie
592490
721030,Action,Adventure,Casual,Free to Play,Massively Multiplayer,RPG
311340,Action,Adventure
449140,Free to Play,Indie,Strategy
15210,Simulation
514900,Adventure,Indie
271290
319510,Indie,Simulation
233250
681840
552620,RPG
1900,Strategy
286000,Action,Casual,Indie,Strategy
466860,Indie,RPG,Simulation,Strategy
420440,Simulation,Strategy
389280
650760,Adventure,RPG,Strategy
491260,Action,Adventure,Casual,Indie,Massively Multiplayer,Strategy
513570,Action,Adventure,Indie
235900,Web Publishing
293760,Simulation,Strategy,Early Access
238430,Action,Adventure,Indie
567780,Action,Casual,Indie
402220,Action,Adventure,Casual,Indie,Simulation,Sports
354920,Indie
397350,RPG,Strategy
41500,RPG
463680
566050,Strategy
375530,Indie,Simulation,Sports,Strategy
473470,Action,Adventure,Indie,RPG,Strategy
611790,Adventure,Casual,Indie,Simulation,Early Access
333640,Adventure,Indie,RPG,Strategy,Early Access
231350,Utilities
313010,Simulation
268870,Action,Indie,Strategy
288160,Adventure,Indie
282560,Simulation,Strategy
467520,Simulation,Strategy
394870,Violent,Action,Indie
348250,Adventure,Casual,Free to Play,Simulation
554510,Simulation,Sports
292140,RPG
466300,Adventure,RPG,Strategy
478980,Adventure,Strategy
233980,Action,Indie,RPG
20540,Strategy
322460
314970,Free to Play,Indie,Strategy
465710,Action,Adventure,Free to Play,Indie,RPG,Strategy
561610,Racing,Simulation,Sports
458960,Free to Play,Massively Multiplayer,Simulation,Sports
390100,Free to Play,Massively Multiplayer,RPG
261470,Simulation,Strategy
369140
280160,Action,Adventure,Indie
7830,Strategy
215530,Action,Adventure,Indie,RPG
319910,Action,Adventure,Indie
448070,Action,Casual,Indie,Strategy
533180,Casual,Indie
113020,Action,Adventure,Casual,Indie,Strategy
641780,Action,Indie,Racing,Simulation,Sports
290790,Strategy
442780,Action,Indie
8850,Action
24670,Simulation
21100,Action
575550,Adventure,Indie,RPG,Strategy
599460,Adventure,Casual,Indie,RPG,Simulation
391720,Adventure,Indie
301910,Action
645260,Free to Play,Simulation,Sports
740260,Adventure,Casual,Indie
567250
382080,Action,Adventure,Casual,Indie
240320,Action,Free to Play,Massively Multiplayer,RPG
407000,Action,Adventure,RPG
370540,Simulation,Strategy
233800
364420,Action,Adventure,Indie,RPG
359310,Action,Adventure,Indie,RPG
50650,Action,Adventure,RPG
214340,Adventure,Indie
448470,Casual,Indie
298900,Action,Adventure
455980,Indie,Simulation,Strategy
232050,Indie,RPG,Strategy
13520,Action
261180,Action,Indie,Sports
251290,RPG
15120,Action
420530,Adventure,Casual,Indie
203630,Strategy
295550,Free to Play,Massively Multiplayer,RPG
317600,Action,Strategy
268750,Action,Adventure,Indie,RPG
487270,Action,Adventure,Indie
213850,Strategy
335670,Adventure,Indie,RPG
9010,Action
576130,Action,Casual,Indie
265210,Gore,Indie,Simulation
263060,Action,Indie
290930,Action,Adventure,Free to Play
307670,Adventure,Indie,RPG,Strategy
669580,Action,Free to Play,Indie,Massively Multiplayer
270370,Free to Play,Strategy
3170,RPG,Strategy
528210
360830,Action,Adventure,Indie
13230,Action
424280,Action,Free to Play,Indie
223670
263540,Free to Play,Indie,Massively Multiplayer,RPG
304530,Action
252870,Action,Adventure,Indie,Simulation,Early Access
305260,Free to Play,Simulation,Strategy
660160,Simulation,Strategy
310470,Simulation,Strategy
292180,Simulation
249650,Indie,RPG,Strategy
289930,Casual,Simulation,Strategy
331360
337150,Indie,Strategy
667870,Free to Play,Indie,RPG,Strategy
625140,Casual,Free to Play,Massively Multiplayer,RPG
296970,Adventure,Indie,RPG,Strategy
412740,Indie
545650,Free to Play,Indie,Simulation
579950,Adventure
58610,Indie,Simulation,Strategy
414740,Action,Adventure,RPG
228760,Racing,Sports
538590,Action,Adventure,Casual,Indie
457550,Simulation
545110,Utilities
61700,RPG,Strategy
670880
712840,Adventure,Indie,RPG
363360,Action,Indie,Simulation,Early Access
420790,Action,Free to Play,Indie,Massively Multiplayer
335620,RPG
368360,Adventure,Casual,Indie,Simulation,Strategy
370730,Strategy
570420,Action,Simulation
73010,Simulation
204340,Action,Indie
393080,Violent,Action
201700
454510
523120,Video Production
382900,RPG
239120,RPG
71250
63910,RPG,Strategy
513620,Action,Casual,Indie
22350,Action,Free to Play
485980,Indie,Strategy
252110,Action,Indie,Simulation
98800,Casual,Indie,RPG
505040,Indie
316790,Adventure
555160,Action,Indie,Early Access
3720,Strategy
253430,Violent,Action,Adventure,Indie
285010,Action,Casual,Indie,Simulation,Strategy
238750,RPG
577230,Indie,Simulation,Strategy,Early Access
546400,Action,Adventure,Casual,Indie
293780,Action,Indie,RPG
321410,Simulation,Strategy
460120,RPG,Strategy
15320,Simulation
506610,Action,Indie,Simulation
404680,Action,Adventure,Indie
353270,RPG,Strategy
436320,Action,Indie,Strategy
6800,Action
745880,Action,Indie
214420,Action,Free to Play,Indie
551730,Action
48210
383180,Action
262940,Adventure
503770,Action,Adventure,Indie,Simulation,Early Access
25000,Action,Indie
550340,Action,Indie
6910,Action
460870
41010
485420
327140,Design & Illustration
224760,Indie
3480,Casual
315460,Action,Indie,RPG,Strategy
224500,Indie,Simulation,Strategy
233720,Action,Indie,Simulation
16450,Action
8000,Action,Adventure
50620,Action,Adventure
203680,Racing
13260
452570,Action,Adventure,Indie,RPG
258030
224060
363090,Strategy
580200,Adventure,Indie
67370,Action
562810,Casual
434030,Indie,Simulation
337950,Free to Play,Massively Multiplayer,RPG,Early Access
457710,Action,Racing
263760,Action,Indie,Simulation
404540,Action,Indie
583470,Action,Adventure,Indie
427720,Action,Casual,Indie
15700,Adventure
412050,Action,Indie
703700,Adventure,Indie,Simulation
10270,RPG,Strategy
388880,Adventure,Indie
254300,Adventure,Massively Multiplayer,RPG,Strategy
528200,Video Production
219830,Action,Free to Play,Indie
206440,Adventure,Indie,RPG
248860,Indie,RPG,Strategy
65790,Action,Simulation,Strategy
39190,RPG
569860,Adventure,Indie
12150,Action
25830,Strategy
41000,Action,Indie
397100,Free to Play,Indie,Simulation,Early Access
311770,Action,Adventure
468070,Massively Multiplayer,Simulation,Sports,Early Access
269330,Adventure,Indie
260430,Casual,Free to Play,Massively Multiplayer,Simulation
577940,Action
327860,Action,Adventure,Indie,RPG
340000,Action
251950,Action,Free to Play,Indie,Massively Multiplayer,RPG,Simulation,Strategy,Early Access
22130,Strategy
92800,Indie,Simulation
104900,Action,Adventure,Indie,RPG
237850,Adventure,Indie
327090,Action,Adventure,Indie,Massively Multiplayer,RPG,Simulation
394230,Action
461880,Casual,Indie
603780
1200,Action
368230,Indie,Simulation,Strategy
595420,Indie,Simulation,Sports,Strategy
21000,Action,Adventure
236090,Action,Adventure,Indie,RPG
317360,Action,Free to Play,Indie
282400,Simulation,Strategy
449800,Action
11450,RPG
40700,Adventure,Indie
517160,Casual,Indie,Simulation
521150,Indie,Simulation,Strategy
24840,Action
580420,Gore,Action,Adventure,Casual,Indie
430440
625950
57730,Strategy
384740,Adventure,Indie
425580,Adventure,Indie
527100,Casual,RPG,Simulation
205990,Strategy
298030,Strategy
500710,Action,Adventure,Free to Play,Indie,Massively Multiplayer,RPG
259020
492130
421050,Adventure,Indie
312750,RPG
464060,Action,Indie
527270,RPG
453090,Indie,Simulation
435400,Adventure,Casual,Indie
13210,Action
542480,Free to Play,Massively Multiplayer,RPG,Strategy
232010,Indie,Simulation
2810,Strategy
338180,Action,Free to Play
454080,Casual,Indie
70400,RPG,Indie
33340,Strategy
235800,Indie
7760,Strategy
243950,Action,RPG,Strategy
239840,Indie,RPG,Strategy
308040,Action,Casual,Indie
629690,Action,Adventure,Indie,RPG
322520,Action
313780,Adventure,Indie
522470,Adventure,Indie,Strategy
228300,Action,Adventure
385730,Simulation,Sports
235320,Indie,Strategy
350110,Simulation,Strategy
449630
507300,Simulation,Sports,Strategy
234710,Casual,Sports
231060,Free to Play,Massively Multiplayer,RPG
639790,Action,Casual,Indie
32500,Action
345240,Action,Strategy
317820,Indie,RPG
312280,Casual,Free to Play,Indie,Strategy
681820
311260,RPG,Simulation,Strategy,Early Access
501800
504210,Indie,Simulation
682130,Utilities,Web Publishing
247020,Action,Indie,Simulation,Strategy
339340,Action,Adventure
416270
322920,Action,Adventure,Simulation
287260,Racing
335360
46500,Adventure,Casual
445880
384190,Action,Adventure,Casual,Indie,Simulation
375950,Casual,Free to Play,Indie,Simulation
221540,Indie,Strategy
324510,Action,Adventure,Indie,Massively Multiplayer,RPG
385380,Action,Adventure,Indie,RPG,Early Access
57900,Action
467000,Action,Indie
448500,Action,Adventure,Casual,Indie
441550,Strategy
274900,Action,Casual,Indie
423230,Action
256290,RPG
296470,Indie,Simulation,Sports
236150,Action,RPG,Simulation
343780,Casual,Indie,Simulation
2100,Action,RPG
213120
8600,Racing
299460,Action,Adventure,Indie
70600,Strategy
417860,Adventure,Casual,Free to Play,Indie,Simulation
224480,Action,Adventure,Indie
216890,Sports,Strategy
39200,RPG
216260,Indie,Simulation,Sports
425220,Action
292910,Adventure
581620
220740,Adventure,Indie
244730,Action,Indie
215100,Free to Play,Massively Multiplayer,RPG
362680,Adventure,Indie
328080,Indie,Simulation,Strategy
370360,Indie,Simulation
12250
446020,Adventure,Indie,Simulation
314410,Action,Adventure,Indie,RPG
9340,Action,Strategy
237870,Action,Adventure,Indie,RPG,Simulation
301320,Indie,Simulation
340050,Action,Adventure,Indie,RPG,Simulation,Strategy
448080,Casual,Indie,Strategy
323220,Action,Adventure,Indie,RPG
583010,Utilities
2620,Action
252410,Action,Adventure,Indie
231160,Action,Adventure,Indie
32360,Adventure
486780,Action,Casual,Simulation,Sports
561600,Racing,Simulation,Sports
314790,Adventure,Indie
474050,Casual,Indie
362490,Action,Adventure,Indie,RPG,Simulation,Early Access
368340,Action,Adventure,Indie,RPG
107200,Action,Indie,RPG,Strategy
394760,Action,Indie,RPG
254100,Strategy
312520,Action,Adventure,Indie
460810,Action
593030,Strategy
555220,Adventure,Indie
130,Action
19930
512770,Action,Indie
424030,Action,Indie,Simulation,Strategy,Early Access
504880,Action,Adventure,Casual,Indie,Simulation,Strategy
407330,Adventure,Indie,RPG
21090,Action
222440,Action
225080,Action,Adventure,Indie
591370,Indie,Simulation,Strategy
570770,RPG
639170,Adventure
323610
221260,Adventure,Casual,Indie
12320,Action,RPG
527290,RPG
657860
407190,Simulation,Sports,Strategy
319730
272230,Action,Indie,Early Access
385800,Sexual Content,Nudity,Casual,Indie
202200,Indie,Strategy
300570,Indie,Simulation
718650,Indie,RPG,Simulation,Strategy
378200
39160
227180,Free to Play,Indie,Massively Multiplayer,RPG,Simulation,Strategy
224540,Action,Indie
336510
57640,Adventure
618970,Action,Adventure
429280,Casual
345390,Adventure
477980
45770,Action,Adventure
39000,Adventure,Simulation,Strategy
405640,Indie
665180,Adventure,Indie,RPG
494670,Casual,Simulation,Strategy
416450,Free to Play,Indie,Massively Multiplayer,RPG,Strategy
303720,Action,Indie
265610,Adventure,RPG
354850
497180,Racing,Simulation
95400,Action,Adventure,Indie
2800,Strategy
735280,Simulation,Strategy
338170,Action,Indie
314520,Simulation,Sports
368590,Indie
356570,Action,Indie,Strategy
2760,RPG
357190,Action
239250,Action,Adventure
323910,Utilities
455130
501690
581630,Violent,Action,Casual
559500
365300,Action,Free to Play,Indie
475190,Adventure,Indie
482770,Simulation,Sports
418250,Simulation,Strategy
241260,Adventure
24870,Racing
574620
513510,Action,Casual,Indie
351710,RPG,Strategy
72200,Casual,Indie,Simulation
357780,Action,Casual,Indie,Strategy
382490,Action,Free to Play,Indie
607880,RPG
8140,Action,Adventure
251110,Adventure,Indie
444490,Action,Indie,Massively Multiplayer
528510,Casual,Indie
485950,Indie,Strategy
347560,Adventure,Indie,RPG,Early Access
506670,Casual,Indie
485830,Action,Adventure,Casual,Indie,RPG
465760,Action,Adventure,Indie
19680
7510,Nudity,Violent,Action,Adventure,RPG
475220,Action,Adventure,Casual,Indie
222730,Indie,Simulation,Strategy
249590,Indie
511800,Action,Free to Play,Indie,Massively Multiplayer,Strategy
208520,Simulation,Strategy
552920,Indie,Massively Multiplayer,Racing,Simulation,Sports
278890,Action,Indie
344880,Action,Adventure,Indie,RPG
546200,Casual,Strategy
447880
333300,Adventure,Indie,RPG,Strategy
614910,Casual,Indie
464850,Simulation,Sports
113420,Free to Play,Massively Multiplayer,RPG
443940
639780,Action,Casual,Indie
424370,Action,Adventure,Indie,RPG
561340,Casual,Indie,Simulation
681810
233290,Action,Adventure,RPG
314660,Action,Adventure,Indie
619520
562010,Action,Free to Play,Massively Multiplayer
623550,Casual,Indie
410380,Adventure,Free to Play,RPG,Strategy
410900,Action,Strategy
40390,RPG
483770,Action,Casual,Simulation
429790,Action,Adventure,Free to Play,Indie,Massively Multiplayer,RPG,Early Access
746910,Casual,Free to Play,Indie,Simulation,Strategy
467120,Casual,Indie
527230,Adventure,Indie,RPG,Strategy
254200,Adventure,Casual,Indie,RPG,Simulation,Strategy
418030,Action,Early Access
504050,Action,Adventure,Indie,Simulation
217200,Strategy
313340,Casual,Indie,RPG,Simulation
63950,Simulation
496680,Casual,Indie,Strategy
546660,Action,Adventure,Massively Multiplayer
338530,Action,Casual,Indie
563120,Action,Casual,Indie,Simulation,Strategy
40300
414290
640100
71340,Action
635200,Adventure,Indie,Strategy
40800,Indie
445310,RPG,Strategy
463220,Action,Adventure,Indie
293180,Action,Adventure,Indie
382110,Utilities
595340
331790,Adventure,Indie,RPG
454910,Free to Play,Massively Multiplayer,RPG
410340,Indie,Racing,Simulation,Sports
606800,Casual,Indie,Simulation,Strategy
7520,RPG
285160,Action,Adventure
262150,Action,Casual,Indie
265550,Action
581030,Action,Adventure,Indie
438030,Action,Casual
47780,Action,Adventure
428630,Indie
465240,Action,Indie
464340,Adventure
440650,Indie,Simulation,Strategy
616560,Violent,Gore,Action,Adventure,Indie,Simulation,Strategy
242700,Action
469730,Action,Casual,Indie
223850,Utilities
302510,Action
604500,Action,Casual,Free to Play,Massively Multiplayer,Simulation
356500,Action,Strategy
223710,Action,Adventure,Indie
212480,Racing,Sports
434570,Action,Adventure,Casual
507390,Adventure,Indie
585900,Adventure,Casual,RPG,Simulation
218680,Adventure,Casual,Strategy
377530,Adventure,Casual,RPG,Simulation,Strategy
35700,Action,Adventure,Indie
575840,Adventure,Indie
3990,Strategy
266510,Action,Indie,RPG
209870,Action,Free to Play
214170,RPG
400740,Action,Adventure,Indie
393530,Adventure,Casual,Free to Play,Indie,RPG,Simulation,Strategy
452060,Action,Adventure,Indie
312990,Action,Adventure,Free to Play,Indie
471010,Action,Adventure,Indie,RPG
265300,Action,RPG
640590,Action
17470,Action
448280,Simulation
384180,Free to Play,Massively Multiplayer,Simulation,Strategy
290730,Casual,Free to Play,Indie,Massively Multiplayer,Strategy
261030,Adventure
216250
259080,Action,Adventure
607200
554530,Violent,Action,Casual,Indie
407530,Action,Adventure,Indie,Massively Multiplayer,RPG,Strategy
419480,Action,RPG,Simulation,Strategy
598330,Casual,Indie,Simulation,Strategy
564530,Simulation,Strategy
571260,Action
235400,Adventure,Free to Play,Indie,Massively Multiplayer,RPG,Strategy
289520,RPG,Strategy
495780,Casual,Indie
3920,RPG
237110,Action
525300,Action,Indie
367670,Utilities
15100,Action,Adventure
43110
619080,Action,Adventure,Free to Play
574070,Free to Play,Massively Multiplayer,Strategy,Early Access
4850,Strategy
462770,Action,Indie,RPG
717790,Action,Adventure,Indie,Simulation,Early Access
412830,Adventure
209080,Action,Adventure,Indie,Simulation
200170,Strategy
32800,Action,RPG
343360,Casual,Indie,Strategy
596690
535230,Action,Indie,Simulation,Strategy
383870,Adventure,Indie
363680,Strategy
284950,Casual,Indie,Simulation
298240,Action,Casual,Free to Play,Indie,Simulation
267530,Action,Adventure
263500,Action,Adventure,Free to Play,Indie,RPG
228380,Action,Indie,Racing,Simulation,Sports
457590,Adventure,Casual,Free to Play,Massively Multiplayer,RPG
287920,Action,Free to Play,Indie,Massively Multiplayer,RPG
252610,Action,Indie,RPG
327690,Action,Free to Play,Strategy
337320,Action,Indie,Early Access
266410,Massively Multiplayer,Racing,Simulation,Sports
562080,Action,Adventure,Indie
493730
565860,Action,Adventure,Indie,Racing
34460,Strategy
248170,Animation & Modeling,Education,Utilities,Web Publishing
225640,RPG
108800,Action
447530,Adventure,Indie,Simulation
536220,Adventure
329000,Adventure,Indie,RPG,Simulation
208090,Action,Free to Play,Indie
509110,Casual,Indie
405900,RPG
213610,Action
617830,Action,Indie
510510,Violent,Simulation,Sports
323850,Action,Indie
511680,Action
9930
287680
547680,Casual,Free to Play,Indie,RPG,Simulation,Strategy,Early Access
329050,Action
667600,Action,Indie
621880,Action,Free to Play,Massively Multiplayer,RPG
226580,Racing,Sports
43160,Action
251150,RPG
287980,Indie,Simulation,Strategy
281640,Indie,RPG,Strategy
597220,Adventure,Indie,RPG
665360,Casual,Indie,Simulation
274520,Action,Adventure,Indie,RPG
507490,Indie,Simulation,Strategy
24240,Action
28050
282900,RPG,Strategy
524580,Adventure,RPG
553640,Action,Adventure,RPG
356040,Indie,RPG,Strategy
7600,Strategy
410110,Action,Indie
482850
654880,Casual,Indie,Simulation
474750,Adventure,Indie,RPG,Simulation
533780,Action,Casual,Free to Play,Indie,Strategy
433350,Action,Casual,Free to Play
285330,Simulation,Strategy
471550,Action,RPG
393100
241540,Action,RPG,Simulation
40990,Action,Adventure
375010,Casual,Indie
258010,Action,Indie,RPG
108710,Action,Adventure
602940
581670,Action,Adventure,Casual,Indie
257850,Action,Adventure,Indie,RPG
614860,Massively Multiplayer,RPG,Early Access
526160,Action,Adventure,Indie,RPG,Simulation
48000,Action,Adventure,Indie
439700,Massively Multiplayer
341000,Casual,Indie,Simulation,Strategy
351510,Casual,Indie,Strategy
459220,Strategy
315660,Simulation
467370,Casual,Indie,Strategy
4560,Action,Strategy
457330,Free to Play,Racing,Simulation,Sports,Early Access
10680,Action
391460,Action,Free to Play
25900,RPG,Strategy
372360,RPG
467960,Adventure,Casual,Indie,RPG,Simulation,Strategy
597170,Action,Indie,Early Access
292990,Strategy
630,Action
425160,Action,Casual,Indie
588220,Action,Adventure,RPG
250320,Action,Adventure,Casual
7670,Action,RPG
281610,Strategy
214510,Action,Adventure
562430,Casual,Indie,Simulation,Strategy
257170,Indie,RPG,Simulation,Strategy
243970,Action,Indie,Strategy
304430,Action,Adventure,Indie
282140,Action,Adventure,Indie
723790,Action,Adventure,Free to Play,Indie,Simulation,Strategy
433530,Action,Indie,Massively Multiplayer
217750,Action,Adventure,Free to Play,Massively Multiplayer,RPG
443810,Adventure,Indie,Strategy
501300,Adventure,Indie
593280,Action,Adventure,Indie,RPG
399000,Action,Indie
7620
330830,Adventure
402430,Indie,Simulation,Sports,Strategy
215830,Action,Free to Play,Massively Multiplayer,RPG
204030,Action,Adventure,RPG
357900,Adventure,Indie,Simulation
251730,Adventure,Indie,RPG
503560,Casual,Indie,Simulation,Strategy
317470,Action,Adventure,Casual,Free to Play,Indie,Massively Multiplayer
342310,Indie,Simulation,Strategy
25800,Strategy
208200,Action
683900,Simulation,Strategy
649900,Action,Free to Play,Strategy,Early Access
252470,Action,Adventure,Indie,RPG,Simulation,Strategy
423580,Simulation,Strategy
238370,Action,Adventure
424840,Adventure
115320,Action,Adventure
259680,Adventure,Indie,RPG
237990,Indie,RPG,Strategy
659460,Action,Indie,Massively Multiplayer
410980,Strategy
476460,Casual,Free to Play,Indie,Strategy
327070,Action,Adventure,Indie,Massively Multiplayer,RPG,Simulation,Early Access
17300,Action
207170,Adventure,Indie,RPG
564230,Simulation,Sports
748370,Action,Massively Multiplayer,Simulation
3330,Casual
258970,Action,Adventure,RPG
32430,Action
581130,Adventure,RPG,Simulation,Strategy
592260,Design & Illustration,Early Access
19900,Action
354290,Action,Casual,Free to Play,Massively Multiplayer
339280,Action,Free to Play,RPG,Strategy
386620,Action,Indie,Simulation,Strategy
597840,Animation & Modeling,Design & Illustration,Photo Editing,Utilities
345260,Action,Strategy
507400,Violent,Action,Indie
610670,Adventure,Casual,Indie,RPG,Early Access
539440,Casual,Indie,Simulation
235460,Action
398850,Action,Adventure,Indie
376870,Adventure
757570,Violent
697610,Casual,Free to Play
438140,Strategy
250760,Action,Adventure,Indie
314980,Indie,Simulation,Strategy
12200,Action,Adventure
317400,Action,Adventure,Free to Play
510630,Free to Play,Indie,Sports,Strategy
303390,Action,Casual,Indie
463100,Adventure,Indie
406290,Simulation,Strategy
107100,Action,Indie,RPG
322190,Action,Adventure,Indie,RPG,Strategy
400910,Action,Adventure,Casual,Indie
222480,Action,Adventure
240760,Adventure,Indie,RPG,Strategy
568770,Free to Play,Indie,Simulation
34270,Action,Adventure,Casual,RPG
451130,Action,Adventure,Free to Play,Massively Multiplayer,RPG
2600,Action
619310,Free to Play,Indie,Massively Multiplayer,Strategy
224900,Action,Simulation,Strategy
269470,Audio Production,Utilities
475550,Adventure,Indie,Strategy
345180,Action,Adventure,Indie,RPG
619340,Adventure,Casual,Indie,Early Access
354830
259060,Indie,Strategy
582550,Casual,Indie,Simulation
245470,Indie,Simulation,Strategy
502370,Strategy
222750,Indie,Simulation,Strategy
619910,Violent,Action,Massively Multiplayer
624910
495280,RPG
206210,Action,Free to Play
17520,Action,Free to Play
304240,Action,Adventure
453980,Casual,Indie
215930,RPG,Strategy
18500,Indie,Strategy
321400,Action,Casual,Free to Play,Indie,Sports
306760,Adventure,Indie
6860,Action
380840,Action,Free to Play,Indie
632300,Adventure,Indie,RPG,Simulation,Early Access
423710,Action,Adventure,Casual,Indie,RPG,Simulation,Strategy
322780,Action,Adventure,Indie,Massively Multiplayer,Early Access
510660,Adventure,Casual,Free to Play,Indie,Massively Multiplayer,RPG,Strategy
484900,Indie,Simulation,Strategy
466910,Casual,Free to Play
7200,Racing
437920,Casual,Indie
318020,Indie,Strategy
620130,Action,Indie,RPG
464350,Indie,Massively Multiplayer,Strategy
17430,Action,Racing
381990,Action,Adventure,Casual,Free to Play,Massively Multiplayer,Racing,RPG
509240
502800,Action
522230,Casual,Free to Play,Indie,Simulation,Sports
621830,Racing
250340,Action,Indie,Simulation
23310,RPG
220260,Casual,Simulation
468920,Casual,Simulation,Sports
233840,Strategy
633880
221910,Adventure,Indie
349720,Casual,Free to Play,Massively Multiplayer
300080,Free to Play,Strategy
452230,Adventure,Free to Play,RPG,Strategy
248610,Action,Indie,Simulation,Strategy
40980,Simulation,Strategy
235380,Strategy
528740,Free to Play,Massively Multiplayer,Simulation,Strategy
575720,Action,Adventure,Free to Play,Massively Multiplayer,RPG,Strategy
598960,Indie,Simulation,Strategy,Early Access
533150
400170,Action,Adventure,Indie,RPG
427730,Action,Casual,Indie
204450,Action
543460,Action
542340,Action,Casual,Indie,Simulation
253490,Action,Free to Play,Massively Multiplayer,RPG
365450,Indie,Simulation
55140,Racing
741260,Casual,Indie,Simulation,Strategy
442120,Simulation
383800,Action,Indie
344230,Casual,Indie,Simulation,Strategy
426000,Indie,Simulation
57300,Action,Adventure,Indie
250400,Action,Adventure,RPG
457730,Action,Indie,Strategy
547960,Action,Casual,Indie
385070,Adventure,Indie,RPG
552590,Adventure,Indie
234670,Action,Adventure
205610,Action,Simulation,Strategy
1930,RPG
491650,Indie
304410,Casual,Indie,Strategy
34440,Strategy
361280,Indie,Simulation,Strategy
571310,Action,Adventure,Indie
449680,Action,Casual,Indie
564310,Action,Indie
12750
218640,Violent,Gore,Action,Adventure,Indie
441960,Indie,Simulation
206190,Action,Indie,Strategy
579230,Casual,Indie
458710,Indie,Strategy
291860,Action,Indie,RPG,Strategy
345090,Casual,Indie,Strategy
414700,Action,Adventure,Indie
100,Action
622920,Nudity,Violent,Action,Adventure,Indie,Racing,Simulation,Early Access
650000,Action
377310,Action,Indie
6000,Action
4570,Strategy
735570,Action,Casual,Free to Play,Indie
264200,Action,Casual,Indie
498240,Adventure
9350,Strategy
204120,Adventure
225420,Simulation,Strategy
329130,Action,Indie,Strategy
732430,Action,Casual,Indie,Racing,Sports
20500,Action
602520,Sexual Content,Nudity,Casual,Indie
609940,Casual,Free to Play,Massively Multiplayer,Strategy
418650,Action
406150,Adventure,Casual,Indie
32510,Action,Adventure
57740,RPG,Simulation,Strategy
47400,Simulation,Strategy
467010,Adventure,Simulation,Strategy,Early Access
246420,Action,Indie,Strategy
20570,Strategy
378370,Action,Adventure,Free to Play,Indie,Massively Multiplayer,RPG,Early Access
1280,Action,Simulation
214560,Action,Adventure,Indie
431180,Indie,RPG,Simulation
675260,Adventure
202170,Action,Adventure
286570,Racing,Sports
404590,Action,RPG
581100,Action,Adventure,Indie
397950,Action,Indie
596650,Adventure,Free to Play
648430,Free to Play,Strategy
394310,Indie,RPG,Strategy
16700,Strategy
65540,Action,RPG
324270,Adventure,Indie
423770,Adventure,Indie,RPG,Simulation
250520,Indie,RPG
330840,Adventure
17410,Action,Adventure
570780,RPG
20,Action
585410,Animation & Modeling,Design & Illustration,Education,Software Training,Utilities,Web Publishing,60
325600
237930,Action,Indie,RPG
50,Action
527430,Action,Adventure,Indie,RPG
442070,Casual,Indie,Strategy
568810
492090,Simulation
55150,Action
578620,Action,Indie
45740,Action,Adventure
7610
12810,RPG
2990,Racing
574810
507360,Adventure,RPG
470220,Casual
269770,Action,Adventure,Indie,RPG,Early Access
255480
367540
388750,Action
346120,Action,Free to Play,Indie,Massively Multiplayer
363930,Action,Adventure,Casual,Indie,RPG,Simulation,Strategy
435030,Adventure,Casual,Free to Play
350640,Action,Adventure
658980,Action,Indie,Massively Multiplayer,RPG,Early Access
608560
228260,Indie,RPG,Strategy
238260,Free to Play,Simulation
392950,Adventure,Casual,Free to Play
3620,Action,Casual
637100,Action,Adventure
327400,Adventure,Simulation
694130,Casual,Free to Play,Simulation
244030,Simulation
245490,Racing
517790,Simulation,Strategy
311730,Action
410590
213330,Action,Adventure
300790,Indie,RPG
547900,Sports
234080,Action,Adventure
50300,Action,Adventure
559650,Action,Casual,Indie,Early Access
333600,Sexual Content,Nudity,Casual,Indie
34830,Action
715310,Action,Free to Play,Massively Multiplayer,Strategy
22600,Strategy
438490,Action,RPG
588210,Action,Indie,Massively Multiplayer,Simulation
422900,Indie,Simulation,Strategy
561590,Simulation,Sports
6030,Action
418340,Action,Adventure,Indie
239070,Action,Adventure,Indie,RPG
578260
218510,Indie,Strategy
12100,Action
288140,Indie,Simulation,Sports,Strategy
300380,Action,Adventure,Indie,Racing,Simulation
435440,Free to Play,Massively Multiplayer,Strategy
332070,Adventure,Free to Play,Massively Multiplayer,RPG
12140,Action
17570,Action,Free to Play,Indie
206500,Action,Free to Play,Indie,Strategy
421040,Casual,Indie,Simulation
486310,Adventure,Indie,Massively Multiplayer
384490,Action,Adventure,Indie
242550,Action,Adventure
381640,Action,Free to Play,Massively Multiplayer,RPG
604160
351940,Adventure,Casual,Indie
244770,Action,Adventure,Indie,RPG,Simulation,Strategy,Early Access
314150,Action
525920,Simulation,Sports
298050,Strategy
8190,Action,Adventure
24780,Simulation,Strategy
329430,Action,RPG,Simulation
565380,Action,Adventure
558100,Violent,Free to Play,Indie,Strategy,Early Access
366440,Action,RPG,Strategy
418240,Indie,Strategy
600750,Adventure,Free to Play,RPG,Strategy
231120,Simulation
238010,Action,RPG
207140,Action,Casual,Indie,Racing,Sports
459510
493900,Simulation,Strategy
234330,Casual,Free to Play,RPG
257350,RPG,Strategy
202970,Action
296870,Adventure,Casual,Indie
265630,Action,Free to Play,Indie
563560,Action,Free to Play
572410,Action,Simulation,Strategy
463110,Adventure,Casual,Indie
224580,Action,Simulation,Strategy
362960,Adventure,RPG
418370,Action,Adventure
206480,Action,Adventure,Free to Play,Massively Multiplayer,RPG
414340,Action,Adventure,Indie
268050,Action
385770,Action,Casual,Free to Play,Indie
350080,Action
355180,Action,Free to Play
313120,Adventure,Indie,Early Access
595280,Indie,RPG,Strategy
225840,Action,Casual,Free to Play,Indie
201310,Action,Simulation
552700,RPG
389570,Free to Play,Simulation
463710,Casual,Indie
289950,Casual,Simulation
239350,Indie
41700,Action,RPG
585790
514660,Action,Indie
274920,Animation & Modeling,Video Production
526580
614570,Action
239820,Casual,Indie,Simulation,Strategy
320300,Racing,Simulation
39540,Action,RPG
509930,Action,Indie
312450,Free to Play,Simulation,Strategy
436150,Casual,Free to Play,Massively Multiplayer,Simulation
307690,Action,Adventure,Racing
207610,Adventure
99900,Action,Adventure,Casual,Free to Play,Indie,Massively Multiplayer,RPG
274940,Action,Indie
249050,Adventure,Indie,RPG,Strategy
403190,Indie,Simulation,Strategy
409710,Action,RPG
410320,Action
552100,Simulation,Early Access
242860,Action,Indie,Massively Multiplayer,Simulation,Strategy
24980,RPG
224600,Action,Free to Play,Massively Multiplayer,RPG
448780,Adventure,Casual,Indie
690510,Free to Play,Indie,Strategy
2700,Simulation,Strategy
610180,Casual,Indie,Strategy
102500,Action,RPG
664430,Simulation,Sports
480650,Simulation
636040,Adventure,Free to Play,Indie,Massively Multiplayer
268650,Action,Adventure,RPG,Simulation,Strategy,Early Access
209170,Action
387290,Action
285900,Action,Adventure,Casual,Indie
238320,Action,Adventure,Indie
611500,Action,Free to Play,Early Access
270150,Action,Indie
40100,Strategy
405310,Action,Adventure
352400,Action,Adventure
528300,Adventure,Indie
454690,Adventure,Casual,Indie
208480,Adventure
486150,Action
57690,Simulation,Strategy
386070,Action,Strategy
378540,Action,RPG
21690,Action,Adventure
56400,Strategy
375910,Simulation,Strategy
394510,Action
668630,Adventure,Casual,Indie
582500,Action,Adventure,Free to Play,Indie
624220
17460,Action,RPG
241560,Action,Massively Multiplayer,Racing
253940,RPG
4500,Action,RPG
44350,Racing,Sports
397060,Adventure,Indie,Massively Multiplayer,RPG,Strategy
48240,Strategy
406090,Indie,Early Access
438640,Action,Adventure
547040,Adventure,Simulation
444460,Action,Indie,Strategy,Early Access
341380,Adventure,Indie
557780,Free to Play,Indie,Massively Multiplayer,Simulation
214490,Action
489520,Action,Adventure,Free to Play,Indie,RPG,Strategy
368900
391660,Adventure,Indie,RPG
248820,Action,Indie,RPG
242680,Action,Indie,RPG
705220,Adventure,Free to Play,Indie,RPG,Strategy
635260,Massively Multiplayer,Racing,Simulation,Sports
552110,Adventure,Casual,Free to Play,Indie,Massively Multiplayer,RPG,Strategy
2820,Action,Simulation,Strategy
375960
384480,Action,Adventure,Casual,Indie
402570,Free to Play,Strategy
4920,Action,Indie,Strategy
461910,Free to Play,Massively Multiplayer,RPG,Strategy
273350,Action,Free to Play
278080,Action
6020,Action
585560,Action,Adventure,Casual,Indie
232910,Racing,Sports
48190,Action,Adventure
346940,Adventure,Indie,RPG,Strategy
39150,RPG
276810,RPG,Strategy
339800,Indie,RPG,Simulation,Strategy
35140,Action,Adventure
432150
35720,Action,Adventure,Indie
220700,Design & Illustration,Web Publishing
223100,Action,Adventure
575570,Action,Adventure,Indie,Simulation
251040
530700,Action,Free to Play
230290,Casual,Indie,Simulation,Early Access
311560,Action,Adventure
403560,Indie
63380,Action
616360
312060,Massively Multiplayer,RPG
17480,Strategy
223750,Free to Play,Simulation
456670,Action,Indie,RPG
462930,Casual,Free to Play,Indie,Simulation,Strategy,Early Access
48220,RPG,Strategy
704040,Casual,Free to Play,Indie,Simulation,Strategy
448510,Action,Casual,Indie,Simulation
644560,Adventure,Indie,RPG
505460,Action,Indie,Massively Multiplayer,RPG,Strategy,Early Access
544730,Casual,Strategy
316390
3830,Action
383980,Indie
397460,Casual,Indie,Strategy
205710,Free to Play,Massively Multiplayer,RPG
265930,Casual,Indie,Simulation
496690,Adventure,Casual,Indie
466580,Indie,RPG
414530,Free to Play,Massively Multiplayer,RPG
285310,Simulation,Strategy
525480,RPG
233860,Action,Indie,RPG,Simulation,Strategy
431730,Animation & Modeling,Design & Illustration,60
371460,Casual,Strategy
462030
47870,Action,Racing,Sports
342970,Casual,Indie,Simulation,Strategy
300550,Adventure,Indie,RPG,Strategy
274170
310380
402710,Action,Adventure,Indie,RPG,Early Access
39500,Action,RPG
428690,Indie,Simulation,Strategy
320,Action
568220,Indie,Simulation
413420,Adventure
25890,Strategy
321960,RPG,Strategy
436520,Action,Free to Play,Indie,Massively Multiplayer
575860,Action,Adventure,Casual,Indie
513590,Action,Casual,Strategy,Early Access
301120,Simulation,Sports
288570
326360,Free to Play,Massively Multiplayer,RPG
527770,Casual,Indie
357310,Indie,Simulation,Strategy
386940,Action,Casual,Indie
362890,Action,Adventure,Indie
574640,Action,Indie
4580,Strategy
534500
360170,Action,Adventure,RPG
538680,RPG
65800,Action,Indie,RPG,Strategy
631530
734580,Action,Adventure,Free to Play,Indie,Massively Multiplayer
254700,Action,Adventure
420,Action
257510,Action,Adventure,Indie
20510,Action,RPG
24720,Action,Simulation
321360,Action,Indie
290340,Adventure,Indie,RPG,Strategy
91310
555920,Action,Adventure,Indie
282800,Indie,Strategy
218
34220
493490,Indie,Racing,Simulation
400040,Audio Production,Design & Illustration,Photo Editing,Utilities,Video Production,Web Publishing
622650,Action,Adventure,Free to Play,Indie,Strategy
78000,Casual,Strategy
460790,Action,Adventure
219780,RPG
40950,Simulation,Strategy
443110,Action,Adventure,Casual,Free to Play,Massively Multiplayer,Simulation,Strategy
355790,Action,Adventure
486480,Action,Indie
262410,Free to Play,Indie,Simulation
223470,Action,Adventure,Indie
12110,Action
323470,Action
17450,RPG
512020,Action,Adventure,Casual,Indie,Strategy
375230,Action,Adventure,Free to Play,Massively Multiplayer
239030,Adventure,Indie
397340,Indie,Simulation
247080,Action,Indie,RPG
258700,Action,Adventure,Free to Play,Massively Multiplayer,RPG
524660,Animation & Modeling,Design & Illustration,Utilities,Video Production
388410,Action,Adventure,RPG
239160,Action,Adventure
376570,Free to Play,Massively Multiplayer,RPG
373930,Strategy
39550,RPG,Strategy
244160,Simulation,Strategy
353640,Casual,Indie,Simulation,Strategy
292120,RPG
351970,RPG
243470,Action,Adventure
662320,Violent,Gore,Action,Adventure,Casual,Free to Play,Massively Multiplayer
15620,Strategy
204100,Action
331670,Casual,Indie,Strategy
542550,Casual,Indie,Simulation
214850
17500,Action,Casual,Free to Play,Indie
578330,Action
38400,RPG
445190,Indie,RPG,Strategy
485390,Indie,RPG
633460,Action,Indie,Massively Multiplayer,Simulation,Strategy
591960,Adventure,Free to Play,RPG,Strategy
34870,Action
208140,Strategy
307960,Action,Simulation
324080,Action,Adventure,Indie,RPG,Early Access
201790,Action,Indie,Strategy
39680,Simulation,Strategy
378720,Indie,RPG,Strategy
40960,Simulation,Strategy
298630,Action,Adventure,Indie,Simulation,Strategy
24790,Strategy
313690,Action,Adventure
427100,Casual,Simulation
235600,Action,Adventure
462780,Action,Adventure,RPG
600600,Casual,Simulation
377840,RPG
450540,Action,Indie,Simulation,Early Access
493840,Action
717640,Casual,Indie,Simulation
291410,Free to Play,Indie,Strategy
108200,Casual,Indie,Strategy
45760,Action
9200,Action
21970
227320
541210,Indie,Simulation,Strategy
587260,RPG
584400,Action,Adventure,Casual
397580,Action,Indie
599100
428950,Action,Adventure,Casual,Indie
471710,Action,Adventure,Casual,Free to Play,Massively Multiplayer,Sports,Early Access
634160,Adventure,Casual,Indie,RPG,Simulation
496300,Indie,Simulation,Strategy
392780,Casual,Indie
288470,RPG
16810,Strategy
537800,Simulation,Strategy
395380,Action,Adventure,Casual,Indie
268130,Action,Adventure,Indie,Strategy
234650,Adventure,Indie,RPG,Strategy
228180,Audio Production,Software Training,Utilities,Video Production,Web Publishing
262280,RPG,Simulation,Strategy
402170,Casual,Indie
248570,Action,Free to Play,Indie,Strategy
576050,Action,Adventure,Casual,Indie
235340,Action,Free to Play,Massively Multiplayer,RPG
726390,Casual,Free to Play
242640,Action
629030,Gore,Adventure,Casual,Indie
532030,Action,Adventure,Casual,Indie,Simulation
388440,Indie,RPG,Strategy
527800,Casual,Indie
567640,Adventure
467390,Casual,Indie
253250,Indie,Simulation,Strategy
500940,Action,Casual,Indie
386700,Indie,Simulation,Strategy
342180,Action,Adventure,Indie
515690,Adventure,Indie,RPG
41070,Action,Indie
606050
382850
217980
626010,Free to Play,Simulation
33910
255220,Racing,Sports
620940,Casual,Indie
539450,Casual,Indie
214730,Action,Adventure,RPG,Simulation,Strategy
673610,Indie,Simulation,Strategy,Early Access
201230,Free to Play,Massively Multiplayer,RPG
383080,Casual,Free to Play,Indie
451020,Indie,RPG
447990,Adventure,Indie
503820,Adventure,Indie
413410,Adventure
280220,Indie,Simulation,Strategy
2630,Action
209160,Action
487120,Action,Adventure,Indie,Massively Multiplayer,RPG
233130,Action,Adventure
582430
420290,Action,Casual,Indie,Strategy
42910,Action,RPG
9880,Free to Play,Massively Multiplayer,RPG
361800,Indie,Massively Multiplayer,RPG
302670,Action,Free to Play,Indie,Simulation,Strategy
7940,Action
302590,Action,Casual,Free to Play,Indie,Massively Multiplayer,Racing,Strategy,Early Access
380,Action
415960,Casual,Indie
360450,Action,Indie,Simulation
520440,Action
32440,Adventure
461890,Adventure,Indie
252150,Casual,Indie
586140,Action
33250
253230,Adventure,Indie
396750,Action,Indie
244930,Free to Play,Indie,Simulation,Sports
383580,Action,Adventure,Indie,RPG,Simulation
250820
208500,Racing,Simulation,Sports
601340,Action,Indie
390670,Free to Play,Massively Multiplayer,Simulation
324800,Action,Adventure
245170,Action,Indie
606330,Action,Adventure,Casual,Indie
247000,Indie,RPG,Strategy
354640,Free to Play,Simulation,Strategy
241600,Action,Adventure,Indie,RPG
589870,Action,Casual,Free to Play,Indie,Simulation,Strategy
412600,Action,Indie
287290,Action,Adventure
331600,Action
619400,Action,Adventure,Casual,Indie
38410,RPG
448640,Indie,RPG,Early Access
591560,Action,Indie
481510,Adventure
519190,Action,Indie,RPG
210970,Adventure,Indie
261110,Action
201870,Action,Adventure
253880,Strategy
39510,Action,RPG
491530,Action,Casual,Simulation
296490,Action,Indie,Strategy
366090,Action,Adventure,Indie,Strategy,Early Access
644930,Strategy
448630,Indie,Strategy
450390,Free to Play
219150,Action,Indie
261570,Action
222940,Action
293260,Free to Play,RPG,Strategy
246900,Indie,Simulation
332570,Adventure,Indie,Early Access
591740,Action,Free to Play
629280
705120,Adventure,Casual,Indie,Strategy
369990,Indie,Strategy
249230,RPG
230190,Indie,Simulation,Strategy
351030,Casual,Free to Play,Indie,Simulation,Sports,Strategy
376730,Action,Indie
535260,Action,Adventure,Indie,Simulation,Strategy
24810,Strategy
341800,Indie
655780,Action,Adventure,Indie,RPG
732730,Action,Adventure,Free to Play,Indie,Simulation
530070,Simulation
322500,Action,Indie
12220,Action
10540
512470,Action,Adventure,Free to Play,Indie,Simulation,Strategy
509840
528070,Casual,Indie
493370,Adventure,Casual,Free to Play,RPG,Simulation,Strategy
271240,Indie,Simulation,Strategy
515470,Casual,Indie,Simulation
745
324310,Simulation
282350
290300,Action,Adventure,Indie,RPG,Simulation
301640,Action
644570,Adventure,Indie,RPG
400250,Adventure,Indie,Massively Multiplayer
409720,Action,RPG
9480,Action
425340,Action,Indie
24740,Racing
463210,Action,Casual,Indie,Simulation
24800,Strategy
480430,Action,Free to Play
209660,Action
283640,Action,Indie,RPG
428900,Action,Casual,Indie
523150,Casual,Indie
383150,Action
372800,Adventure,Free to Play,Indie,Massively Multiplayer,RPG,Early Access
427490,Indie,RPG,Strategy
220440,Action,Adventure
15370,Strategy
401870
326160,Free to Play,Massively Multiplayer,RPG
30,Action
22300,RPG
431600,Racing,Simulation,Sports
223330,RPG
272270,Adventure,Indie,RPG,Strategy
327030,Action,Strategy
438010,Action,Adventure,Indie
294860,Action,RPG,Strategy
444480,Casual,Indie
263560,Adventure,Indie,RPG
596350
296300,Action,Casual,Indie
404410,Action,Adventure,Free to Play,RPG,Simulation
304650,Adventure,Indie,RPG
230230,Adventure,Indie,RPG,Strategy
570840,Free to Play,Indie
496240,Action,Indie,Simulation,Strategy,Early Access
730370
412170,Adventure,Indie,RPG,Strategy
11610,Action,Free to Play,Massively Multiplayer,RPG
330070,Video Production
544610,Strategy
512900,Action,Adventure,Indie,RPG
362620,Indie,Simulation,Strategy,Early Access
15170,Strategy
408760,Simulation,Sports
518030,Action,Early Access
102700
477770,Racing,Simulation,Sports
658160,Action,Adventure,Casual,Indie
321800,Adventure,RPG,Strategy
22100,Indie,RPG
21130,Action,Adventure
203350,RPG,Strategy
628860
252690,Indie,RPG,Strategy
367450,Indie,Simulation
73170,Strategy
311860,Adventure,Indie,RPG,Simulation
482920,Adventure,Casual,Free to Play,Indie,Massively Multiplayer,RPG,Strategy
568570,Action,Adventure,Indie,RPG,Simulation,Strategy
562760
394690,Action,Adventure,Casual,Indie,Massively Multiplayer,Early Access
64000,Strategy
227860,Indie,Strategy
34000
202480
429050,Action,Indie,Simulation,Early Access
209650,Action
304730,Casual,Indie,Simulation
